station,lat,lon
2733.03,40.633385,-74.016562
2782.02,40.635679,-74.020005
2821.05,40.63556,-74.01298
2832.03,40.637033,-74.022141
2861.02,40.638566,-74.010147
2872.02,40.63766,-74.01782
2883.03,40.638246,-74.024714
2898.01,40.63966,-73.96807
2912.08,40.638196,-74.013821
2923.01,40.639859,-74.019776
2932.03,40.639421,-74.026823
2951.05,40.639673,-74.008957
2961.05,40.640125,-74.015726
2971.02,40.639978,-74.02324
2984.04,40.64034,-73.96603
3000.08,40.640831,-74.010996
3007.05,40.642031,-73.981073
3011.03,40.641269,-74.017651
3019.02,40.640493,-74.02564
3019.03,40.64243139706092,-74.0255355834961
3022.01,40.64269,-73.96099
3034.02,40.64235,-73.96951
3038.08,40.642501,-74.006055
3046.03,40.643817,-73.977433
3050.03,40.642408,-74.013318
3056.05,40.643546,-73.986418
3070.04,40.64173,-73.96364
3084.05,40.642703,-74.009441
3087.01,40.64454,-73.94486
3090.06,40.642809,-73.979239
3093.07,40.642622,-74.016866
3113.06,40.64435,-73.96591
3113.10,40.64378,-73.96867
3117.05,40.644743,-74.003754
3121.01,40.64483,-73.93853
3125.09,40.64471895763575,-73.97451460361481
3129.08,40.643371,-74.011884
3132.09,40.64507,-73.9488
3135.04,40.644367,-73.984276
3138.09,40.644512,-74.021506
3140.09,40.64491,-73.95487
3148.08,40.64466,-73.96322
3148.09,40.64483,-73.9613
3155.01,40.64535,-73.93268
3157.08,40.64521,-73.97073
3161.02,40.645921,-74.005708
3164.04,40.64575,-73.94331
3166.03,40.645074,-73.979681
3169.07,40.644862,-74.014531
3172.01,40.64683,-73.94933
3178.02,40.646377,-74.023087
3180.02,40.64499,-73.95818
3180.09,40.64741,-73.95933
3187.01,40.64621,-73.93067
3188.04,40.64672,-73.96637
3192.05,40.647379,-74.000911
3199.01,40.647718,-73.973663
3202.06,40.646351,-74.009271
3205.06,40.64725,-73.94352
3208.07,40.646037,-73.980963
3211.06,40.64744,-74.018846
3214.04,40.64661,-73.95401
3220.01,40.646475,-74.026081
3223.07,40.64873,-73.96084
3229.07,40.64795,-73.93182
3230.01,40.648481,-73.97058
3233.06,40.647105,-74.004483
3240.15,40.649037,-73.97673
3243.02,40.649143,-74.012384
3246.06,40.64868,-73.94635
3253.01,40.649292,-74.020105
3256.04,40.64796,-73.9556
3263.01,40.64958,-73.96316
3266.01,40.648169,-74.000057
3272.01,40.648055,-73.972432
3275.03,40.649145,-74.009486
3278.07,40.64915,-73.94368
3280.04,40.648005,-73.979342
3283.05,40.650176,-74.015606
3286.07,40.64871,-73.95218
3294.03,40.65007,-73.96001
3300.04,40.65182,-73.93135
3300.06,40.65,-73.93296
3303.01,40.649681,-73.967829
3303.03,40.649681,-73.967829
3306.03,40.649983,-74.005144
3309.04,40.65127,-73.93818
3312.07,40.651745,-73.975988
3315.05,40.651173,-74.011405
3318.05,40.65116,-73.94577
3327.01,40.64949,-73.95408
3335.09,40.65153,-73.96277
3341.06,40.65159,-73.93535
3344.02,40.651566,-73.972212
3347.03,40.651354,-74.007168
3350.04,40.65106,-73.94193
3353.04,40.650739,-73.977739
3356.07,40.65230357303063,-74.01344954967499
3359.01,40.65074,-73.94986
3359.03,40.65272,-73.94994
3368.04,40.65237,-73.95623
3376.02,40.651847,-73.965248
3376.04,40.6532,-73.96639
3379.03,40.652657,-74.002356
3382.04,40.6533,-73.93644
3385.06,40.652563,-73.972573
3388.02,40.652512,-74.008906
3391.10,40.65302,-73.94599
3394.03,40.651654,-73.981231
3400.04,40.65378,-73.95273
3408.05,40.65326,-73.96172
3420.01,40.654144,-74.00422
3426.02,40.653368,-73.976291
3428.04,40.65292829363811,-74.01286482810974
3431.02,40.65458,-73.94716
3439.03,40.65519,-73.9564
3448.02,40.65485,-73.96217
3451.01,40.654098,-74.001131
3454.01,40.65633,-73.93648
3457.03,40.65482,-73.973217
3460.01,40.65708866668485,-74.00870203971863
3460.02,40.655716,-74.006664
3460.04,40.656326,-74.009627
3460.05,40.655722167971554,-74.01000827550888
3463.01,40.65577,-73.9432
3472.03,40.6555,-73.94975
3480.04,40.65563,-73.95968
3486.02,40.65666,-73.93109
3492.04,40.655278,-74.003101
3495.08,40.65496,-73.93765
3498.09,40.657265,-73.974165
3504.02,40.65794,-73.94735
3507.04,40.656633,-73.983864
3512.03,40.65686,-73.95331
3515.01,40.658029,-73.989605
3520.01,40.65798,-73.96051
3523.06,40.656986,-73.998194
3526.04,40.6582,-73.9338
3526.06,40.65808,-73.93415
3532.02,40.659176,-74.006584
3535.02,40.65791,-73.93967
3535.03,40.6577,-73.9398
3538.09,40.65629,-73.977335
3544.02,40.65707,-73.95005
3547.04,40.658489,-73.985543
3552.09,40.65815,-73.95674
3555.04,40.659555,-73.995068
3564.04,40.657743,-74.001141
3567.05,40.66034,-73.93618
3576.10,40.65969,-73.94517
3579.04,40.65949055893896,-73.98013919591904
3585.06,40.6595,-73.95041
3588.01,40.659053,-73.98854
3593.01,40.66026,-73.96045
3593.10,40.66131,-73.96091
3596.04,40.660079,-73.998633
3599.01,40.66124,-73.93164
3608.06,40.66155,-73.93974
3611.02,40.659945,-73.977504
3617.02,40.66104,-73.94795
3620.02,40.660906,-73.983074
3625.04,40.66035,-73.95679
3625.07,40.66127,-73.95352
3628.11,40.66016,-73.990974
3633.08,40.6605,-73.9626
3639.04,40.66178,-73.93445
3648.06,40.66067,-73.94243
3648.08,40.66219,-73.94293
3651.04,40.6610633719006,-73.97945255041122
3657.06,40.66318,-73.95076
3660.07,40.66093779493168,-73.98680448532104
3665.06,40.6627059,-73.9569115
3668.04,40.662584,-73.995554
3680.04,40.66227,-73.93762
3688.06,40.662564,-73.945565
3696.05,40.6630619,-73.9538746
3699.07,40.663493,-73.991007
3704.01,40.66314,-73.9605695
3704.04,40.663657,-73.963014
3704.08,40.66407983678161,-73.96025128666679
3707.01,40.662611,-73.998623
3710.07,40.66343,-73.93472
3719.02,40.66288,-73.94019
3722.04,40.66514681533792,-73.97637605667114
3728.04,40.66403,-73.94769
3728.05,40.66509,-73.94824
3731.11,40.663779,-73.98396846
3736.03,40.665816,-73.956934
3736.04,40.6642406,-73.9574686
3739.06,40.665507,-73.993037
3742.11,40.66598,-73.9284
3751.05,40.66559,-73.93712
3759.07,40.66481,-73.94269
3762.08,40.6662078,-73.98199886
3768.02,40.66639,-73.95346
3771.06,40.666287,-73.98895053
3776.05,40.666439306870814,-73.9605563879013
3779.02,40.666168,-73.995549
3782.03,40.66619,-73.93162
3791.02,40.6667,-73.93972
3800.07,40.66509,-73.94824
3803.05,40.6663181,-73.9854617
3803.09,40.668127,-73.98377641
3811.05,40.666197,-73.992466
3814.01,40.66591,-73.92602
3822.08,40.66732,-73.93398
3831.03,40.66688,-73.9425
3834.10,40.6686627,-73.97988067
3839.02,40.66811,-73.9505
3842.08,40.6686273,-73.98700053
3845.05,40.66852,-73.92284
3847.04,40.6679411,-73.9588
3850.03,40.6685455,-73.99333264
3853.02,40.66846,-73.9282
3856.03,40.668757,-73.966438
3862.07,40.66929,-73.93679
3865.05,40.668132,-73.97363831
3871.02,40.66939,-73.94514
3874.01,40.6704836,-73.98208968
3877.04,40.66852,-73.91908
3879.04,40.6691783,-73.9554162
3882.01,40.668603,-73.9904394
3882.05,40.66967356370341,-73.98898908183764
3885.06,40.67015,-73.92538
3887.03,40.6686744,-73.9618148
3893.03,40.66876,-73.93376
3902.06,40.66959,-73.94237
3905.15,40.6703837,-73.97839676
3911.05,40.66967,-73.9503
3914.02,40.6704922,-73.98541675
3917.03,40.66992,-73.92002
3919.07,40.6707767,-73.9576801
3919.12,40.670529,-73.958222
3922.02,40.671907,-73.993612
3925.03,40.67128,-73.92825
3928.08,40.6716493,-73.9631145
3931.09,40.671409,-74.001328
3934.06,40.6716,-73.93378
3934.07,40.67251,-73.93642
3940.04,40.67267243410948,-74.0087952464819
3943.03,40.67113,-73.94222
3946.07,40.672784,-73.979826
3950.03,40.67154,-73.91433
3952.07,40.67077,-73.9507
3955.05,40.6705135,-73.98876585
3958.02,40.67095,-73.92222
3960.01,40.6721683,-73.9609
3966.01,40.6705,-73.9308
3966.03,40.67242,-73.93094
3972.08,40.6725058,-74.00494695
3975.02,40.67297,-73.93896
3978.13,40.6711978,-73.97484126
3981.10,40.67363551341504,-74.01195555925369
3982.01,40.67319,-73.91083
3984.02,40.67234,-73.94763
3987.06,40.6728155,-73.98352355
3991.04,40.67261,-73.91977
3993.03,40.672695,-73.954131
3996.01,40.67260298150126,-73.98983001708984
3999.06,40.67202,-73.92539
4001.09,40.6737236,-73.9631611
4007.01,40.67351,-73.93363
4010.01,40.673134,-73.969106
4010.13,40.6750207,-73.97111473
4010.15,40.6729679,-73.97087984
4013.08,40.6747055,-74.0075572
4014.01,40.67522,-73.9061
4016.03,40.67308,-73.94191
4019.06,40.6740886,-73.9787282
4023.01,40.67313,-73.91387
4023.05,40.67568,-73.91396
4025.02,40.67428,-73.9503
4028.03,40.6750705,-73.98775226
4028.04,40.673746,-73.985649
4031.05,40.67372,-73.92199
4033.06,40.6741806,-73.9564947
4033.16,40.67324785,-73.95689517
4039.04,40.67404,-73.92772
4042.08,40.6740123,-73.9671457
4045.01,40.67434,-74.00194698
4048.03,40.67524,-73.93596
4051.01,40.675146838709786,-73.97523209452629
4054.02,40.6753274,-74.0100698
4054.06,40.67487503856169,-74.01048018571481
4055.04,40.67374,-73.90852
4057.04,40.67412,-73.94447
4060.09,40.6751622,-73.9814832
4064.03,40.67423,-73.91656
4066.15,40.676368,-73.952918
4072.02,40.6747,-73.92512
4074.14,40.676513,-73.959431
4077.04,40.6746957,-73.99785768
4077.07,40.6763947,-73.99869893
4080.01,40.67686,-73.93327
4086.05,40.6769993,-74.00647134
4086.06,40.6763744,-74.00324957
4087.01,40.67621,-73.90351
4089.01,40.6756,-73.9415
4095.03,40.6773429,-74.01275056
4095.10,40.6758329439129,-74.01472628116608
4096.08,40.67486,-73.91123
4098.06,40.67514,-73.94716
4101.17,40.676757,-73.983262
4105.01,40.67607,-73.92171
4107.05,40.6758324,-73.9561677
4107.13,40.67759206937376,-73.955637216568
4110.10,40.6777287,-73.99364123
4113.01,40.67639,-73.92748
4116.08,40.6769694,-73.96579
4116.09,40.675832,-73.963308
4119.04,40.6783563,-74.00014502
4120.02,40.67709,-73.9008
4122.03,40.67686,-73.93607
4124.04,40.6803560840434,-73.9476791024208
4125.07,40.6776147,-73.97324283
4128.08,40.6777748,-74.0094613
4129.10,40.67738,-73.90829
4131.03,40.67669,-73.94437
4134.06,40.6765304,-73.97846879
4137.10,40.677236,-74.015665
4137.14,40.67818387977647,-74.0170168876648
4138.04,40.67854,-73.91367
4140.03,40.6776,-73.94963
4143.03,40.67909799721684,-73.98765474557877
4143.04,40.677027,-73.9865
4146.02,40.67717,-73.92285
4148.07,40.6791944,-73.9587903
4151.01,40.6787242,-73.99599099
4154.02,40.6767,-73.93051
4157.10,40.6794388,-73.9680438
4157.15,40.67767534,-73.96902144
4161.01,40.6786,-73.90369
4166.08,40.6793307,-73.97519523
4169.04,40.679043,-74.011169
4170.08,40.67872,-73.91105
4172.04,40.67955,-73.94709
4175.14,40.6792788,-73.98154004
4175.15,40.6772744,-73.98282002
4179.03,40.67853,-73.91642
4181.10,40.68012,-73.95362
4184.07,40.6786115,-73.99037292
4187.04,40.67923,-73.92588
4190.06,40.678045,-73.962408
4193.14,40.6809591,-73.99905709
4196.01,40.67972,-73.93467
4196.05,40.68012,-73.93168
4199.07,40.680092336223886,-73.97118045900022
4199.12,40.6809741,-73.9710097
4199.13,40.67911856082165,-73.97176265716553
4202.04,40.6794327,-74.00785041
4203.04,40.67945,-73.90474
4205.06,40.67890679,-73.94142771
4208.01,40.678970070475735,-73.97855266928671
4212.01,40.68018,-73.91136
4214.03,40.6809833854,-73.9500479759
4214.04,40.6803560840434,-73.9476791024208
4217.02,40.6802133,-73.98432695
4217.06,40.67977,-73.9847
4220.02,40.67922,-73.92192
4222.02,40.680342423,-73.9557689392
4225.14,40.680611,-73.99475825
4228.02,40.6794268,-73.9298911
4228.06,40.68044,-73.92842
4231.04,40.6804836,-73.9646795
4237.01,40.6814598,-73.934903
4237.02,40.6800105,-73.938475
4243.01,40.6812117,-74.00860912
4244.06,40.68139,-73.90756
4246.02,40.68078,-73.94613
4249.10,40.68177810928762,-73.97988975048065
4253.02,40.6814658848122,-73.91415685415268
4255.05,40.68216564,-73.95399026
4258.07,40.68199044270703,-73.99079024791718
4261.03,40.68143,-73.92565
4263.12,40.68186,-73.959432
4266.03,40.6831164,-73.99785267
4278.03,40.682601,-73.938037
4281.08,40.680944723477296,-73.97567331790923
4285.09,40.68319988172761,-73.91166642308235
4290.06,40.6827549,-73.98258555
4293.05,40.68158,-73.91959
4298.05,40.6829151,-73.99318208
4301.04,40.68374,-73.9261
4301.07,40.68273,-73.92926
4307.13,40.6828003,-73.99990419
4310.06,40.68282,-73.93488
4317.05,40.68281,-73.90623
4319.07,40.6823687,-73.944118
4322.06,40.68256425759694,-73.9798977971077
4325.03,40.68491,-73.91493
4327.09,40.68402,-73.94977
4330.09,40.6843549,-73.98901629
4334.02,40.68494,-73.92299
4336.01,40.6845683,-73.95881081
4339.01,40.6849894,-73.99440329
4342.04,40.68487,-73.9293
4345.11,40.68323865460341,-73.96599590778351
4348.07,40.6830456,-74.00348559
4354.05,40.68539567,-73.97431458
4354.07,40.68382604,-73.97632328
4357.01,40.68458,-73.90925
4362.04,40.6853761,-73.98302136
4366.01,40.68565,-73.91564
4366.10,40.68332,-73.91711
4368.05,40.6851443,-73.95380904
4371.01,40.68542400997018,-73.99127773940563
4374.01,40.68512559515415,-74.02535319328308
4375.02,40.68609,-73.92628
4377.04,40.68488,-73.96304
4380.08,40.6847514,-73.99917254
4383.06,40.68454,-73.9322
4386.05,40.68415748,-73.96922273
4392.04,40.6851532,-73.94111
4395.07,40.68506807308177,-73.97790759801863
4399.03,40.68652,-73.91321
4404.10,40.6849668,-73.98620772
4408.07,40.68452,-73.92011
4413.08,40.686371,-73.99383324
4416.10,40.68713,-73.93008
4419.03,40.68650065,-73.96563307
4422.04,40.6859296,-74.00242364
4422.05,40.68763155,-74.0016256
4425.02,40.686312,-73.935775
4428.02,40.68753406,-73.97265183
4432.10,40.6882,-73.90798
4434.06,40.686203,-73.944694
4437.01,40.68683208,-73.9796772
4437.09,40.68737247650719,-73.98176059126854
4440.02,40.68706579875912,-74.01675585121666
4441.06,40.68663,-73.9168
4446.01,40.6867443,-73.99063168
4446.03,40.687880939612775,-73.98939281702042
4446.05,40.6864442,-73.98759104
4450.06,40.68705,-73.92338
4452.01,40.68900443,-73.96023854
4452.03,40.68676793,-73.95928168
4455.10,40.68825516598005,-73.99545192718506
4455.11,40.6861758,-73.99645295
4458.06,40.68834,-73.93306
4461.01,40.68764484,-73.96968902
4461.04,40.68940747,-73.96885458
4467.03,40.686722,-73.938988
4470.09,40.68700231292619,-73.97664964199066
4474.01,40.68858,-73.91227
4476.03,40.6900815,-73.947915
4479.06,40.6896218879,-73.9830426872
4479.10,40.6886263,-73.9851911
4483.10,40.68822,-73.91966
4488.08,40.6902375,-73.99203074
4491.09,40.68814,-73.92693
4494.04,40.68851534,-73.9647628
4497.09,40.6893952,-73.9995126
4500.07,40.68973,-73.93353
4507.07,40.68906,-73.90506
4510.04,40.6894932,-73.942061
4513.06,40.689888,-73.981013
4513.09,40.690065,-73.978776
4517.03,40.68989,-73.91458
4519.02,40.6883337,-73.950916
4519.04,40.69072549,-73.95133465
4522.07,40.68917,-73.9886
4526.01,40.69047,-73.923511
4528.01,40.69064807082943,-73.95746178925037
4531.05,40.69089272,-73.99612349
4534.06,40.6904,-73.9277
4543.07,40.68995,-73.9365
4546.04,40.68981035,-73.97493121
4546.05,40.6917823,-73.9737299
4550.05,40.68929,-73.90951
4553.04,40.69128258,-73.9452416
4556.08,40.69068758614303,-73.98347854614258
4560.01,40.69122,-73.91693
4565.07,40.6910363748993,-73.99201065301895
4568.01,40.692,-73.92617
4576.11,40.6919925157634,-73.9325501024723
4582.08,40.690434,-73.903737
4587.02,40.69178,-73.97877
4590.01,40.69231660719192,-74.01486575603485
4591.04,40.69055,-73.91181
4596.05,40.69221589,-73.9842844
4596.09,40.69236178,-73.98631746
4600.09,40.69146,-73.92146
4605.04,40.69239502,-73.99337909
4608.01,40.69329,-73.92852
4611.03,40.69196035,-73.96536851
4614.04,40.69165183,-73.9999786
4615.01,40.69338,-73.90061
4617.01,40.69237074,-73.93705428
4620.02,40.69308257,-73.97178913
4623.02,40.693,-73.90824
4628.05,40.69196566,-73.9813018
4628.07,40.693534,-73.981909
4632.10,40.69296,-73.91605
4634.02,40.69331716,-73.95381995
4637.06,40.69241829257847,-73.98949474096298
4637.07,40.695,-73.98917
4640.01,40.69356,-73.92524
4645.04,40.69400964865994,-73.99465128779411
4645.09,40.69512845,-73.99595065
4648.03,40.6938,-73.93114
4651.02,40.693261,-73.968896
4654.01,40.69517,-73.90311
4656.03,40.6933982,-73.939877
4659.02,40.69327018,-73.97703874
4663.02,40.69385,-73.90974
4663.06,40.69545,-73.91164
4665.02,40.69425403,-73.94626915
4668.08,40.69474881,-73.98362464
4672.01,40.69543,-73.9196
4677.01,40.69597683,-73.99014892
4677.06,40.6942715,-73.9923272
4680.05,40.69502,-73.92825
4683.02,40.69363137,-73.96223558
4687.03,40.69559,-73.89927
4689.03,40.69544,-73.93223
4689.08,40.69465,-73.9343
4692.01,40.69573398,-73.97129668
4695.04,40.69467,-73.90663
4697.01,40.69622937,-73.94371094
4700.06,40.69608941,-73.97803415
4707.03,40.69539817,-73.94954908
4707.04,40.69527008,-73.95238108
4710.06,40.695065,-73.987167
4713.01,40.69676,-73.92302
4715.01,40.694546087246025,-73.95801365375519
4718.08,40.69535693320225,-73.99344027042389
4719.04,40.69715,-73.8936
4721.01,40.69671,-73.92807
4724.03,40.69610226,-73.96751037
4727.06,40.69662,-73.90056
4729.01,40.69681963,-73.93756926
4732.04,40.69580705,-73.97355569
4732.08,40.697787,-73.973736
4735.03,40.69811,-73.90904
4735.16,40.6972,-73.90674
4743.04,40.69714,-73.91566
4748.07,40.69623297129315,-73.99142056703568
4751.01,40.697842,-73.926241
4756.04,40.698458,-73.997178
4757.06,40.69723,-73.89811
4759.02,40.69757,-73.93098
4762.04,40.69794,-73.96986848
4762.05,40.69795031569544,-73.97077560424805
4765.07,40.69812,-73.90271
4768.02,40.698617,-73.941342
4771.07,40.697926,-73.97663
4775.01,40.698,-73.9127
4781.03,40.69766564,-73.98476437
4781.05,40.698477,-73.98384
4784.02,40.698568,-73.918877
4789.03,40.69760127,-73.99344559
4792.03,40.700003,-73.92834
4798.02,40.69922,-73.89795
4798.10,40.6988,-73.9007
4801.04,40.697481,-73.935877
4804.02,40.69985,-73.97141
4807.02,40.70068,-73.90742
4812.02,40.69839895,-73.98068914
4812.04,40.699569,-73.979827
4816.02,40.69943,-73.91337
4816.05,40.69905,-73.91516
4818.02,40.69928,-73.953259
4818.03,40.70029511,-73.95032283
4821.03,40.700119,-73.9862
4821.06,40.69991755,-73.98971773
4821.10,40.70076308326151,-73.98869812488556
4824.03,40.699304,-73.923044
4826.04,40.6991049,-73.960633406
4829.01,40.70037867,-73.99548059
4830.02,40.70055,-73.8943
4832.07,40.70112,-73.93039
4837.03,40.69969,-73.9022
4840.06,40.70099,-73.93921
4843.01,40.6999974843885,-73.97440128028393
4846.01,40.70122128,-74.01234218
4847.03,40.699871408829885,-73.91171872615814
4850.04,40.69957608,-73.94708417
4853.06,40.70133448066992,-73.98471236228943
4856.05,40.70108,-73.9179
4861.05,40.7003,-73.991581
4862.04,40.70117,-73.8904
4862.07,40.69953,-73.88873
4864.09,40.70166,-73.92754
4871.02,40.70067,-73.89907
4873.08,40.70106,-73.93318
4880.11,40.70183,-73.90625
4883.03,40.7016657,-73.9437303
4889.06,40.701907,-74.013942
4890.11,40.70113,-73.91422
4895.03,40.702461,-73.986842
4895.09,40.70140317257725,-73.98672670125961
4895.15,40.70140463410644,-73.98768022656441
4898.02,40.7027,-73.92095
4903.08,40.70277159,-73.99383605
4903.09,40.702709,-73.99253
4904.03,40.70204,-73.89288
4906.07,40.702997,-73.92997
4912.10,40.70229,-73.90145
4914.03,40.70076,-73.93641
4920.13,40.70188858913366,-74.01089876890182
4921.04,40.70157340873792,-73.90876293182373
4927.04,40.70224,-73.982578
4931.05,40.703545,-73.917775
4933.03,40.702753,-73.953168
4936.21,40.70378167354831,-73.99073392152786
4939.07,40.702013,-73.923769
4945.06,40.70311,-73.89547
4947.04,40.702831,-73.9333
4953.04,40.70355377,-74.00670227
4954.07,40.70408,-73.90408
4956.02,40.7031724,-73.940636
4962.01,40.70463334,-74.01361706
4962.02,40.70366170524135,-74.0131813287735
4962.08,40.70365182,-74.01167797
4963.13,40.70461,-73.91054
4965.01,40.70411791,-73.94818595
4968.03,40.70296934155272,-73.98469090461731
4971.01,40.704876,-73.919911
4977.03,40.70389,-73.89116
4979.07,40.704425,-73.92836
4982.02,40.705774,-73.963252
4985.09,40.70497,-73.89965
4987.06,40.704508,-73.9351
4990.02,40.70514807698391,-73.97078096866608
4993.02,40.7047177,-74.00926027
4993.13,40.70336686695866,-74.007867872715
4993.15,40.70469667894968,-74.00803416967392
4994.10,40.70413,-73.90737
4996.08,40.70510918,-73.94407279
5001.08,40.70569254,-74.01677685
5002.09,40.70577,-73.91292
5004.02,40.70538077,-73.94976519
5010.02,40.705614,-73.92153
5018.06,40.70539,-73.92976
5021.05,40.706563674670925,-73.9683187007904
5024.10,40.706410755236135,-74.00559738278389
5025.02,40.70555,-73.90245
5027.02,40.705517,-73.93936
5033.01,40.705945132708806,-74.01321887969969
5034.03,40.70553,-73.9096
5036.06,40.70583339,-73.94644578
5043.06,40.70636,-73.91945
5045.05,40.70684203101325,-73.9544353965357
5051.01,40.707165,-73.923711
5051.02,40.70538,-73.92535
5053.01,40.706732,-73.961241
5057.07,40.70575,-73.89676
5057.09,40.70809,-73.89549
5059.02,40.706237,-73.933871
5065.04,40.70862144,-74.00722156
5065.10,40.70706456,-74.00731853
5065.12,40.70717936,-74.00887308
5065.14,40.70838,-74.00495
5066.03,40.70694,-73.90632
5068.02,40.70767788,-73.94016171
5073.07,40.70806582380646,-74.0135595202446
5073.07_Pillar,40.70817,-74.01346
5074.08,40.70793,-73.91092
5076.04,40.708323,-73.948732
5082.08,40.70907,-73.92157
5084.03,40.70708701,-73.95796783
5090.06,40.70686,-73.92851
5093.01,40.70853074,-73.96408963
5096.12,40.7075188830923,-74.00108054280281
5097.02,40.70886,-73.90182
5099.02,40.71019,-73.93734
5099.03,40.707174,-73.93581
5105.01,40.70905623,-74.01043382
5106.04,40.709697,-73.907856
5108.01,40.70870368,-73.9448625
5114.06,40.70834698,-74.01713445
5114.08,40.709957,-74.016538
5115.01,40.70863,-73.91497
5115.05,40.7098,-73.91727
5117.05,40.70877084,-73.95095259
5123.07,40.70869,-73.92587
5125.03,40.710451,-73.960876
5125.07,40.70924826276157,-73.96063148975372
5128.04,40.71117444,-73.99682619
5129.01,40.70929,-73.89441
5134.09,40.710888,-73.968329
5137.10,40.71146364,-74.00552427
5137.11,40.70960089363537,-74.00655090808868
5137.13,40.7103231,-74.0043228
5138.03,40.71107,-73.903
5140.06,40.709897,-73.94008
5145.02,40.709267,-74.013247
5146.03,40.70998,-73.91116
5148.03,40.7103685423523,-73.94705951213837
5156.05,40.70934,-73.95608
5159.04,40.71173107,-73.99193043
5159.07,40.70991806921533,-73.99161100387573
5160.01,40.71225,-73.89111
5164.05,40.71036129922581,-73.96530389785767
5167.06,40.71117416,-74.00016545
5168.04,40.71032,-73.89955
5170.01,40.710681,-73.93372
5175.08,40.711066,-74.009447
5176.04,40.7107,-73.90525
5178.06,40.711863,-73.944024
5181.04,40.71219906,-73.97948148
5184.08,40.711444,-74.014847
5187.03,40.71167351,-73.95141312
5190.07,40.71269042,-73.98776323
5190.09,40.711471394469264,-73.98672603070736
5195.06,40.710709,-73.959724
5198.04,40.71076228,-73.99400398
5199.01,40.7123,-73.89397
5204.05,40.71285887,-73.96590294
5207.01,40.71273266,-74.0046073
5210.01,40.71323,-73.93894
5216.04,40.71291224,-74.01020234
5216.06,40.71221958009051,-74.01047229766846
5217.03,40.71301,-73.90968
5219.05,40.713532,-73.9459867
5225.02,40.71246,-73.91873
5225.04,40.71334,-73.91572
5230.02,40.71332151208186,-73.99009689688683
5235.05,40.71260486,-73.96264403
5235.10,40.712628,-73.960575
5238.05,40.71307916,-73.99851193
5241.02,40.71429,-73.93323
5247.10,40.71450451,-74.00562789
5248.05,40.71391,-73.90299
5250.05,40.71247661,-73.94100005
5257.01,40.71435,-73.91405
5259.06,40.71335226222875,-73.9491033554077
5262.09,40.713126,-73.984844
5267.08,40.71286844,-73.95698119
5267.09,40.71469,-73.95739
5270.05,40.71406667,-73.99293911
5270.07,40.7158155,-73.99422366
5270.08,40.714193,-73.996732
5270.09,40.71310702305908,-73.99446353316307
5273.01,40.71401,-73.92793
5276.04,40.714731,-73.966612
5279.03,40.71494807,-74.00234482
5280.02,40.71453,-73.90105
5280.03,40.71442,-73.90097
5282.02,40.713811,-73.93515
5288.08,40.71334184275907,-74.00935515761375
5288.09,40.71473993,-74.00910627
5288.12,40.71485150526251,-74.01122331619263
5289.05,40.71484,-73.909
5291.05,40.715143,-73.944507
5294.04,40.714211,-73.981095
5297.02,40.7153379,-74.01658354
5300.05,40.71413311,-73.95234386
5300.06,40.7160751,-73.952029
5303.06,40.71559509,-73.9870295
5303.08,40.71427487,-73.98990025
5308.04,40.71534825,-73.96024116
5321.08,40.71693,-73.90198
5323.06,40.71534162042448,-73.93865078687668
5326.06,40.71782143,-73.97628939
5329.03,40.71754834,-74.01322069
5329.08,40.71503,-74.01246
5332.10,40.71638031973561,-73.94821286201477
5335.03,40.71622644,-73.98261206
5335.07,40.71511871996496,-73.98417055606842
5340.01,40.716967,-73.956388
5342.10,40.71605866,-73.99190759
5343.11,40.717318403855785,-73.99067759513855
5348.02,40.716887,-73.963198
5351.03,40.71602118,-73.99974372
5351.07,40.717411,-73.999573
5354.01,40.716657,-73.93637
5359.10,40.71625008,-74.0091059
5359.11,40.717571,-74.005549
5359.12,40.71703,-74.00925
5359.13,40.71688538495366,-74.00650128722191
5360.02,40.71592232709503,-73.90601366758347
5362.08,40.71773,-73.94051
5365.02,40.71739973,-73.98016555
5368.03,40.71759894980997,-74.01587963104248
5369.01,40.71888,-73.91427
5371.07,40.71766197083994,-73.94880026578903
5374.01,40.7172274,-73.98802084
5379.09,40.7190095,-73.95852515
5379.10,40.71745169,-73.95850939
5382.06,40.718822,-73.99596
5382.07,40.71779817737835,-73.99316132068634
5388.01,40.716425,-73.96594
5391.06,40.71939226,-74.00247214
5392.04,40.71832,-73.90128
5400.05,40.71870987,-74.0090009
5401.03,40.71790852734058,-73.908454477787
5403.04,40.7169811,-73.94485918
5403.05,40.71929301,-73.94500379
5406.02,40.71850211,-73.98329859
5406.04,40.71926081,-73.98178024
5409.02,40.71798,-73.91818
5411.07,40.71924,-73.95242
5411.08,40.71816969454208,-73.95520135760307
5414.06,40.72019576,-73.98997825
5414.07,40.719383,-73.991479
5419.04,40.718389,-73.961501
5422.04,40.71910537,-73.99973337
5422.09,40.72028,-73.99879
5430.08,40.71911552,-74.00666661
5430.10,40.7197920901383,-74.0052238852195
5431.01,40.71988,-73.90556
5433.03,40.71907891179564,-73.94223690032959
5433.04,40.71882,-73.93948
5436.09,40.72082834,-73.97793172
5436.09_Pillar,40.72083,-73.97793
5436.11,40.71978635452822,-73.97871628403664
5440.05,40.71921,-73.9124
5442.05,40.71915571696044,-73.94885390996933
5442.09,40.72084,-73.94844
5445.02,40.72066442,-73.98517977
5445.07,40.720747,-73.986274
5450.01,40.720253,-73.957082
5450.04,40.72079821,-73.95484712
5453.01,40.72110063,-73.9919254
5453.05,40.71893904,-73.99266288
5453.06,40.72054,-73.9949
5458.02,40.719876,-73.963865
5470.02,40.71996118117138,-74.00844320654869
5470.10,40.721319,-74.010065
5470.12,40.72019521437465,-74.0103006362915
5471.04,40.72098,-73.90701
5473.03,40.72158,-73.94546
5473.06,40.721226,-73.941845
5476.03,40.7208736,-73.98085795
5481.04,40.72179134,-73.9504154
5484.09,40.722055,-73.989111
5489.03,40.72036775298455,-73.96165072917938
5489.04,40.72248188638219,-73.95921930670738
5489.06,40.72054,-73.959
5492.05,40.722103786686034,-73.99724900722504
5500.02,40.72170005235607,-74.00238141417502
5500.07,40.72243797,-74.00566443
5501.06,40.72155,-73.90295
5503.01,40.72226,-73.93889
5506.10,40.72368361,-73.97574813
5506.14,40.72228087,-73.97668709
5509.02,40.72231,-74.0106
5510.02,40.72249,-73.90854
5510.05,40.72235,-73.91215
5515.02,40.72217444,-73.98368779
5515.08,40.72334683218016,-73.98265913128853
5520.09,40.724055,-73.955736
5523.02,40.72229346,-73.99147535
5532.01,40.72362738,-73.99949601
5539.06,40.72185379,-74.00771779
5540.06,40.72368,-73.90458
5542.04,40.72325,-73.94308
5545.01,40.72412944090093,-73.97901266813278
5545.04,40.72299208,-73.97995466
5548.01,40.72419,-73.91244
5550.05,40.72311651,-73.95212324
5550.09,40.7239567849954,-73.94984364509583
5553.03,40.72467721,-73.98783413
5553.10,40.72307749068673,-73.98583620786667
5558.04,40.722767,-73.957021
5561.04,40.72317958,-73.99480012
5561.06,40.72456089,-73.99565293
5569.06,40.72494672359416,-74.00165855884552
5569.07,40.72323,-74.00314
5570.04,40.72353,-73.89967
5572.07,40.72532,-73.9368
5575.08,40.72580614,-73.97422494
5575.13,40.72506551015475,-73.97515833377838
5578.02,40.72405549,-74.00965965
5579.02,40.72403,-73.90853
5579.04,40.7261,-73.90917
5581.01,40.72557,-73.94434
5584.04,40.72453734,-73.98185424
5584.05,40.7251285241158,-73.98131668567657
5593.01,40.72335597960796,-73.98864984512329
5593.02,40.72502876,-73.99069656
5593.04,40.7262807,-73.98978041
5602.06,40.72511734422387,-73.99930492043495
5610.09,40.72431,-74.00473
5611.04,40.72558,-73.90417
5611.05,40.72655,-73.90321
5613.04,40.72577,-73.94173
5616.01,40.72521311,-73.97768752
5616.08,40.727243,-73.976831
5623.03,40.724812564400175,-73.94752621650696
5626.06,40.72479007746337,-73.98430064320564
5626.07,40.72621788,-73.98379855
5626.13,40.72779126,-73.98564945
5626.15,40.72633085971696,-73.98616880178452
5633.04,40.72606,-73.95621
5636.11,40.72743423,-73.99379025
5636.13,40.72486122254819,-73.99213135242462
5644.05,40.726378,-74.000472
5653.12,40.72583996792375,-74.0076532959938
5656.03,40.7277,-73.94395
5659.05,40.72740794,-73.98142006
5659.11,40.72746420692392,-73.97950418293476
5666.04,40.72708584,-73.95299117
5666.11,40.725819,-73.950815
5669.10,40.7284186,-73.98713956
5669.12,40.72737869323223,-73.98840844631195
5676.04,40.72693,-73.95863
5679.05,40.72706363348306,-73.99662137031554
5679.08,40.72615604980408,-73.99510189890862
5687.04,40.72710258,-74.00297088
5687.11,40.72789701409023,-74.00536268949507
5688.02,40.72897,-73.90115
5696.03,40.7277140777778,-74.01129573583603
5703.13,40.72854745023944,-73.98175925016403
5703.13_Pillar,40.72861,-73.98178
5709.03,40.72755807335852,-73.95505852997303
5712.03,40.72951496224949,-73.99075269699097
5712.12,40.72769,-73.990993
5721.01,40.73047747,-73.99906065
5721.01_Pillar,40.73048,-73.99906
5721.07,40.72840059450829,-73.99968780577183
5721.14,40.72917025,-73.99810231
5730.08,40.728846,-74.008591
5731.03,40.73028,-73.90421
5736.09,40.72938685,-73.97772429
5743.02,40.72984,-73.94839
5746.02,40.72970805644994,-73.9865979552269
5746.14,40.72953837,-73.98426726
5752.07,40.72906,-73.95779
5752.09,40.729803,-73.959099
5755.01,40.72903917,-73.99404649
5755.09,40.73049393,-73.9957214
5755.09_Pillar,40.73049,-73.99572
5755.14,40.73143724085228,-73.99490341544151
5763.03,40.73038599,-74.00214988
5764.02,40.73145,-73.90022
5769.06,40.72984830346529,-73.97455215454102
5772.05,40.73115,-74.00887
5772.07,40.73142106543068,-74.01077985769007
5779.08,40.73221853,-73.98165557
5779.09,40.72966729392978,-73.98067966103554
5779.10,40.73139303364151,-73.98286700248718
5779.11,40.73031071000895,-73.98047178983688
5785.05,40.73026,-73.95394
5785.10,40.73124,-73.95161
5788.12,40.73223272,-73.98889957
5788.13,40.73020660529954,-73.99102628231049
5788.15,40.732647,-73.99011
5788.16,40.73127,-73.98849
5794.05,40.731734785883454,-73.9612390102593
5797.01,40.73226398,-73.99852205
5805.05,40.73172428,-74.00674436
5805.07,40.73213896287381,-74.00363802909851
5806.01,40.73169,-73.90159
5820.08,40.73153937464073,-73.9853024482727
5820.08_Pillar,40.73139,-73.98501
5826.02,40.73232194,-73.9550858
5829.12,40.73261787,-73.99158043
5838.09,40.73224119,-74.00026394
5845.02,40.73303,-73.871
5847.01,40.73291553,-74.00711384
5847.06,40.73342399437081,-74.00851495563984
5847.08,40.73191132323174,-74.008769094944
5851.01,40.73224,-73.94383
5854.09,40.73381219196632,-73.98054420948029
5854.10,40.732339777151054,-73.97898383438587
5860.02,40.73396,-73.95204
5863.07,40.734232,-73.986923
5869.04,40.73266,-73.95826
5872.10,40.73275887045087,-73.99581670761108
5878.02,40.73466,-73.86501
5880.02,40.73401143,-74.00293877
5881.01,40.73394,-73.90128
5883.06,40.73443564069459,-73.93790781497955
5886.13,40.733208626522426,-73.9756813647
5887.03,40.73481,-73.87431
5896.01,40.73431166276575,-73.98372530937195
5902.07,40.735217,-73.954926
5905.12,40.73454567,-73.99074142
5905.14,40.734814,-73.992085
5914.03,40.73532427,-73.99800419
5914.08,40.735238,-74.000271
5917.02,40.73565914819229,-73.93478840589523
5920.03,40.73628,-73.86752
5922.04,40.73498,-74.00697
5922.07,40.73535398,-74.00483091
5922.08,40.73652889,-74.00618026
5923.02,40.73568,-73.90387
5929.01,40.736502,-73.97809472
5930.02,40.73672,-73.87728
5938.01,40.73624527,-73.98473765
5938.11,40.735367055605394,-73.98797392845154
5944.01,40.73564,-73.95866
5945.01,40.73715,-73.85614
5947.04,40.735445,-73.99431
5953.03,40.73727,-73.86415
5955.12,40.735918,-74.000939
5956.04,40.73577,-73.90184
5956.05,40.73707,-73.90077
5962.04,40.73649,-73.86995
5964.01,40.7361967,-74.00859207
5971.08,40.73587678,-73.98205027
5971.09,40.73716919369882,-73.98122549057007
5977.01,40.73555,-73.95284
5980.07,40.73704984,-73.99009296
5983.04,40.73787237950538,-73.92264068126678
5987.03,40.73761,-73.85959
5989.02,40.738046142482766,-73.99642959237099
5992.02,40.73781699881193,-73.93024072051048
5995.07,40.73716,-73.86625
5997.10,40.73752993301071,-74.00558933615685
5998.09,40.7388,-73.90338
6001.01,40.73866345465306,-73.94093804061413
6004.06,40.739445,-73.976806
6004.07,40.7381765,-73.97738662
6005.04,40.73676,-73.87318
6013.12,40.73795,-73.98509
6014.01,40.73813,-73.88104
6016.06,40.73737,-73.91803
6019.04,40.738095,-73.954867
6020.02,40.73916,-73.8526
6022.04,40.73726186,-73.99238967
6022.04_Pillar,40.73726,-73.99239
6025.08,40.73824937345944,-73.92737478017807
6028.01,40.73802,-73.86103
6030.04,40.73781509,-73.99994661
6030.06,40.73935542,-73.99931783
6033.01,40.74021356884924,-73.93537044525146
6037.02,40.73921,-73.86887
6039.06,40.739323,-74.008119
6046.02,40.73912601,-73.97973776
6047.03,40.73832,-73.87913
6053.01,40.7408,-73.84978
6055.08,40.73827428,-73.98751968
6056.02,40.73856,-73.88553
6058.08,40.73941387498411,-73.92131969332695
6062.03,40.74046,-73.8565
6064.08,40.73971301,-73.99456405
6067.01,40.74034668087185,-73.92886072397232
6070.05,40.73892,-73.86367
6072.06,40.7390169121,-74.0026376103
6072.11,40.740983,-74.001702
6072.14,40.73944820130403,-74.00507032871246
6072.16,40.73937600789778,-74.00520807425661
6076.02,40.7413272,-73.937999
6079.03,40.74144387,-73.97536082
6080.07,40.73937,-73.87411
6089.07,40.74025878,-73.98409214
6089.08,40.741459,-73.983293
6089.11,40.74069317733043,-73.98160636425018
6090.03,40.741,-73.88027
6092.01,40.74086,-73.91708
6096.01,40.74096,-73.85357
6098.02,40.73972989238724,-73.99103969335556
6098.10,40.73988840858996,-73.98958593606949
6098.12,40.73866091428551,-73.98987293243407
6099.02,40.7411,-73.88837
6101.11,40.73985995699164,-73.92400324344635
6104.01,40.740288,-73.960697
6105.02,40.73988,-73.86012
6107.08,40.74056423633952,-73.99852573871613
6108.03,40.74179,-73.89564
6110.01,40.740821207823245,-73.93147185444832
6113.07,40.74087,-73.86772
6115.06,40.74005708567285,-74.0052741765976
6115.09,40.74275382865903,-74.00747358798981
6116.03,40.74091,-73.90273
6119.01,40.74113,-73.942518
6122.09,40.74172351097472,-73.97809267044067
6123.02,40.74154,-73.87484
6128.04,40.74252,-73.948852
6131.12,40.742684734875695,-73.98671329021454
6131.13,40.74275179648995,-73.9847157150507
6134.03,40.7424,-73.91808
6134.13,40.741119944681465,-73.92103672027588
6137.04,40.7423737,-73.9566
6138.02,40.74214,-73.85418
6140.05,40.74173969,-73.99415556
6141.02,40.74288,-73.89283
6143.01,40.74221834996096,-73.92935156822205
6143.05,40.74215636827728,-73.92662644386292
6146.01,40.74278,-73.86226
6148.02,40.74177603,-74.00149746
6149.02,40.74334,-73.89903
6151.03,40.743,-73.93561
6155.03,40.7424,-73.87251
6157.04,40.74198159994023,-74.00831580162048
6158.02,40.74193,-73.90913
6158.06,40.74324,-73.908
6164.09,40.74311555376486,-73.98215353488922
6165.06,40.74249,-73.87809
6167.03,40.7429,-73.91395
6170.02,40.74232744,-73.95411749
6171.02,40.74336,-73.85129
6173.08,40.74286877312112,-73.98918628692627
6174.03,40.74364,-73.88622
6176.11,40.743540273428685,-73.92435193061829
6179.07,40.74336608027021,-73.95960688591003
6180.05,40.74311,-73.85715
6182.02,40.74238787,-73.99726235
6183.03,40.7428,-73.89584
6185.04,40.74283,-73.9321
6185.07,40.7443653191867,-73.93172398209572
6188.04,40.74448,-73.86516
6190.03,40.7435337324616,-74.00367558002472
6190.08,40.74317449,-74.00366443
6191.04,40.74261,-73.903
6191.06,40.74501,-73.9036
6194.06,40.744831,-73.938411
6197.02,40.74290902,-73.97706058
6197.08,40.74322681432173,-73.97449783980846
6197.11,40.74299,-73.97711
6198.03,40.74463,-73.87386
6200.03,40.74462,-73.91143
6203.02,40.74524768,-73.94733276
6206.08,40.74444921,-73.98303529
6207.06,40.74454,-73.88112
6209.05,40.7448062877224,-73.91728967428207
6209.08,40.74349759836971,-73.91860529780388
6212.04,40.74436328706688,-73.9558732509613
6212.08,40.7449067,-73.9534573
6213.01,40.74373,-73.85583
6215.04,40.74395411,-73.99144871
6215.07,40.74526,-73.99062
6216.01,40.74325,-73.89079
6218.04,40.74431,-73.92601
6222.04,40.74419,-73.8619
6224.03,40.74475148,-73.99915362
6224.05,40.74345335,-74.00004031
6224.06,40.74591072834279,-73.99807110428809
6225.03,40.74446,-73.89764
6227.02,40.74469738,-73.93540375
6230.04,40.744219,-73.97121214
6231.01,40.74399,-73.86781
6233.05,40.74334935,-74.00681753
6234.01,40.74578861252213,-73.9072778339874
6234.03,40.74549,-73.90605
6234.04,40.74521,-73.90462
6237.01,40.7437524099784,-73.94176483154297
6239.08,40.74394314,-73.97966069
6240.05,40.74615,-73.87763
6242.10,40.74451,-73.91412
6245.08,40.745805,-73.950752
6247.06,40.746647,-73.993915
6247.06_Pillar,40.74665,-73.99392
6248.06,40.7451677,-73.98683077
6248.08,40.7459849,-73.98629487
6249.02,40.74586,-73.88539
6251.06,40.74534682580983,-73.9219419658184
6254.06,40.745038,-73.957539
6255.02,40.74535,-73.8558
6257.03,40.74487634,-73.99529885
6258.02,40.74751,-73.89372
6258.03,40.7448,-73.89377
6260.04,40.74408,-73.92901
6264.06,40.74582,-73.86433
6266.06,40.7454973,-74.00197139
6267.08,40.74589,-73.89915
6273.03,40.74619,-73.87193
6276.02,40.74679,-73.90893
6276.05,40.745502,-73.909887
6278.05,40.745627,-73.945661
6280.12,40.7457121,-73.98194829
6281.01,40.74646,-73.87996
6283.05,40.74622874694195,-73.91616314649582
6286.02,40.74731,-73.95451
6287.02,40.74612,-73.85272
6289.06,40.7462009,-73.98855723
6290.06,40.74557,-73.8882
6290.13,40.74718,-73.88675
6292.03,40.74562,-73.92402
6295.07,40.7458,-73.85945
6297.02,40.74734825,-73.99723551
6297.07,40.747968,-73.996637
6297.08,40.74649996333341,-73.99732626293645
6298.04,40.74694504524519,-73.89650255441666
6300.04,40.74653761978055,-73.93215849995613
6303.01,40.74714,-73.97113
6304.04,40.74773,-73.86649
6306.01,40.745686,-74.005141
6306.06,40.74691959,-74.00451887
6306.06_Pillar,40.74692,-74.00452
6307.07,40.7471,-73.9028
6310.06,40.7485,-73.941275
6313.10,40.7475739589548,-73.9788007736206
6314.02,40.74864,-73.87619
6314.09,40.74841,-73.8751
6316.05,40.74732,-73.91197
6319.01,40.74708586,-73.94977234
6319.03,40.748036,-73.946705
6319.04,40.749207,-73.949373
6319.07,40.74737075646803,-73.94777297973631
6322.01,40.74765947,-73.98490707
6323.04,40.74797,-73.88204
6323.11,40.74638,-73.88322
6325.01,40.74692675687384,-73.9208248257637
6329.06,40.74713,-73.85502
6331.01,40.749156,-73.9916
6332.06,40.74908,-73.89172
6332.09,40.7468,-73.89038
6334.03,40.7471482490328,-73.92902433872223
6337.09,40.74875,-73.86285
6339.06,40.74783260583772,-74.0005722643582
6340.09,40.74893,-73.89981
6345.08,40.74803319428767,-73.973827958107
6346.02,40.74919,-73.87043
6349.03,40.74838,-73.90699
6352.01,40.74718234,-73.9432635
6356.01,40.74825,-73.87936
6358.05,40.75001640425933,-73.91540944576263
6361.03,40.74966,-73.9521
6364.07,40.74901271,-73.98848395
6364.10,40.74964,-73.98805
6365.10,40.74937,-73.88714
6371.03,40.74944,-73.85792
6373.07,40.74965268472847,-73.9952078461647
6374.05,40.7488,-73.89451
6379.03,40.75001986,-73.96905301
6380.10,40.74962,-73.86677
6382.05,40.749717753,-74.002950346
6383.02,40.74958,-73.90256
6383.06,40.74952,-73.90265
6389.09,40.7494985460252,-73.97729203113158
6390.05,40.74888,-73.87368
6392.02,40.74891,-73.90899
6395.01,40.75052534,-73.94594845
6398.06,40.75038009,-73.98338988
6398.08,40.74848023448579,-73.98255586624146
6399.06,40.75,-73.88062
6401.01,40.750181,-73.919998
6401.03,40.74947822183477,-73.91826465725897
6405.03,40.74955,-73.85464
6408.08,40.75091,-73.89111
6414.07,40.74984,-73.86156
6416.06,40.7500727,-73.99839279
6417.04,40.75053,-73.8977
6417.11,40.7493722738996,-73.89738768339157
6422.08,40.75022392,-73.97121414
6422.09,40.75118387463277,-73.97138714790344
6423.03,40.75055,-73.86725
6425.04,40.751396,-74.005226
6426.05,40.75048,-73.90513
6429.01,40.75110165,-73.94073717
6432.10,40.752049,-73.979635
6432.10_Pillar,40.7521,-73.97968
6432.11,40.750756,-73.978326
6433.01,40.75085,-73.87509
6435.02,40.751555,-73.915026
6435.03,40.750097682094825,-73.91349703073502
6438.04,40.7519071,-73.9479119
6441.01,40.75097711,-73.98765428
6441.02,40.75172632,-73.98753523
6441.06,40.75227093837409,-73.98770570755005
6442.08,40.75179,-73.88568
6448.07,40.75147,-73.8557
6450.05,40.7505853470215,-73.9946848154068
6450.12,40.751551,-73.993934
6451.07,40.75297,-73.89236
6453.02,40.752443,-73.929737
6457.06,40.75138,-73.86242
6459.04,40.75066386,-74.00176802
6459.07,40.752694,-74.002353
6460.06,40.75201,-73.89986
6462.05,40.7535992020056,-73.93795609474182
6462.19,40.751047,-73.93797
6464.08,40.75255434,-73.97282625
6464.09,40.752643,-73.974996
6465.04,40.75301,-73.87266
6468.01,40.75098,-73.90799
6471.02,40.75325964,-73.94335788
6474.02,40.752269,-73.982079
6474.11,40.752062307,-73.9816324043
6474.12,40.75216528,-73.97992194
6475.07,40.7523,-73.88093
6483.06,40.752149,-73.989539
6486.07,40.752372,-73.925384
6490.02,40.75165,-73.85915
6492.04,40.75377336836039,-73.99937599897385
6493.03,40.75257,-73.89538
6495.17,40.75186951421875,-73.93349289894103
6498.09,40.75206862,-73.96784384
6498.10,40.75323098,-73.97032517
6499.06,40.75243,-73.86717
6502.01,40.75326,-73.90585
6505.09,40.752474,-73.939991
6509.07,40.7529,-73.87536
6511.03,40.753441,-73.912402
6514.03,40.75408220615571,-73.94942253828049
6514.08,40.7552433,-73.9485678
6517.08,40.75492,-73.98455
6518.08,40.75375,-73.88423
6520.06,40.754139,-73.919543
6520.07,40.753091,-73.920603
6524.01,40.7532,-73.853
6524.09,40.75475,-73.8549
6526.01,40.752762088742045,-73.99280458705107
6526.05,40.75461,-73.99177
6527.07,40.75473,-73.8918
6529.02,40.7531106,-73.9279917
6532.06,40.75455731,-73.96592976
6533.02,40.75397,-73.862
6535.04,40.75516719072139,-74.00059908628464
6536.02,40.754176,-73.900318
6538.11,40.75473,-73.93367
6541.03,40.7546011026,-73.971878855
6542.05,40.75404,-73.86887
6545.07,40.754164,-73.908906
6551.02,40.75500254,-73.98014437
6551.11,40.75354681867074,-73.97896572947502
6552.07,40.75437,-73.87833
6554.05,40.75388,-73.914952
6560.01,40.75513557,-73.98658032
6560.14,40.754818,-73.988154
6560.15,40.7529728216068,-73.98734897375107
6561.01,40.75374,-73.88604
6563.12,40.7557327,-73.9236611
6566.01,40.75370225419114,-73.95865201950072
6567.03,40.75397,-73.85748
6569.07,40.75462324029105,-73.99516761302948
6569.08,40.754691750226016,-73.99740189313889
6569.09,40.75414519263519,-73.9960889518261
6570.06,40.75473,-73.89458
6572.08,40.75651272984955,-73.92957486212252
6575.03,40.755293,-73.967641
6576.07,40.75584,-73.86621
6578.01,40.75594159,-74.0021163
6579.03,40.75574,-73.903427
6581.14,40.756351,-73.936515
6584.12,40.75510267,-73.97498696
6585.11,40.75502,-73.87285
6587.04,40.755389,-73.911517
6593.14,40.75527307,-73.98316936
6593.15,40.756951,-73.982631
6594.02,40.75601,-73.88266
6596.10,40.754795,-73.917014
6599.01,40.757284,-73.9536
6602.03,40.75640548,-73.9900262
6602.03_Pillar,40.75641,-73.99003
6602.05,40.7575699,-73.99098507
6603.06,40.75727,-73.89024
6603.07,40.75499,-73.88905
6605.08,40.7569332,-73.9262231
6608.09,40.756265,-73.964179
6609.03,40.75614,-73.86084
6611.02,40.75660359,-73.9979009
6611.07,40.75676475086503,-73.99971440439913
6612.09,40.75675,-73.89595
6614.01,40.757186,-73.932719
6617.02,40.75763227739443,-73.96930575370789
6617.09,40.75828065,-73.97069431
6618.02,40.75748,-73.86843
6621.06,40.757357,-73.904726
6626.01,40.75724567911726,-73.97805914282799
6626.11,40.75776935448309,-73.97929430007935
6627.12,40.7564,-73.87504
6629.06,40.755763,-73.912715
6636.04,40.75793,-73.88401
6638.01,40.756913,-73.921631
6642.08,40.75696,-73.85612
6644.07,40.75898481399634,-73.99379968643188
6644.08,40.756403523272496,-73.99410143494606
6645.06,40.75704,-73.8924
6650.07,40.75797322,-73.96603308
6651.01,40.75755,-73.86454
6654.05,40.757525,-73.901614
6656.05,40.7576314,-73.9391224
6659.01,40.75714758,-73.97207836
6659.03,40.7597108,-73.97402311
6659.09,40.75863,-73.97513
6659.10,40.757334,-73.974235
6660.05,40.75896,-73.86976
6660.07,40.75712,-73.8722
6662.01,40.758057,-73.909831
6662.09,40.75767234025041,-73.90769943594933
6664.05,40.75742,-73.945133
6667.04,40.758397,-73.98255
6668.06,40.75836,-73.87824
6670.03,40.7577284,-73.9166368
6676.02,40.75929124,-73.98859651
6677.03,40.75763,-73.88682
6679.11,40.7580583,-73.9242751
6682.03,40.75892386377695,-73.96226227283478
6682.08,40.759107,-73.959223
6683.01,40.75788,-73.85763
6688.01,40.7596276,-73.9321455
6691.11,40.75934501,-73.96759673
6692.03,40.75951,-73.86491
6700.01,40.75992262,-73.97648516
6700.14,40.75973805251143,-73.97811613976955
6701.05,40.75874,-73.87535
6703.06,40.76072,-73.910989
6708.04,40.76017739537783,-73.98486793041229
6709.01,40.75947,-73.88431
6709.05,40.75958,-73.88219
6711.13,40.75905795418586,-73.91897544264793
6717.06,40.76019252,-73.9912551
6718.02,40.75886,-73.89081
6720.07,40.759604471387945,-73.92714411020279
6723.10,40.759125,-73.962658
6724.01,40.75996,-73.86224
6726.01,40.76030096,-73.99884222
6727.02,40.76013,-73.89741
6729.02,40.7601853,-73.9362726
6732.01,40.761573,-73.972628
6733.01,40.76196,-73.87042
6735.03,40.760083,-73.907107
6737.03,40.7614376,-73.9411265
6740.01,40.76132983124814,-73.97982001304626
6740.10,40.7606597,-73.98042047
6741.03,40.76022,-73.87774
6743.06,40.7595701,-73.9142678
6747.06,40.76227205,-73.98788205
6747.07,40.76171227910671,-73.98655101656914
6748.04,40.76109,-73.88632
6750.16,40.760339,-73.9222427
6753.08,40.7612274,-73.96094022
6756.01,40.76009437,-73.99461843
6756.05,40.762009,-73.996975
6757.03,40.76205,-73.895
6759.15,40.76108,-73.930562
6762.02,40.76095756,-73.96724467
6762.04,40.76312584,-73.96526895
6763.08,40.76134,-73.86666
6765.01,40.76087502,-74.00277668
6766.03,40.762507,-73.902534
6771.13,40.761865,-73.977242
6772.11,40.76086,-73.87308
6774.13,40.761294,-73.909562
6779.04,40.76228826,-73.98336183
6779.05,40.76344058,-73.98268129
6780.06,40.76156,-73.88167
6782.01,40.7611488,-73.9170071
6786.02,40.76153045158114,-73.99007007479668
6787.02,40.76109,-73.88838
6789.04,40.761584,-73.925921
6793.01,40.76138,-73.86035
6795.01,40.76341379,-73.99667444
6798.01,40.7628138,-73.9342862
6801.01,40.76350532,-73.97109243
6804.01,40.764496,-73.904632
6806.06,40.76315481910373,-73.93985509872437
6809.07,40.76340613,-73.97722479
6809.09,40.763189,-73.978434
6810.01,40.76313,-73.8772
6812.06,40.763422,-73.914142
6814.01,40.7639089,-73.9477213
6816.07,40.76370739,-73.9851615
6817.15,40.76328,-73.88404
6819.15,40.763154,-73.920827
6822.09,40.76500525,-73.95818491
6824.07,40.76269882,-73.99301222
6825.03,40.76428,-73.89156
6827.11,40.7633589,-73.9286471
6830.02,40.763954,-73.9646
6836.07,40.7638753,-73.9364848
6839.04,40.76302594280519,-73.97209525108337
6839.10,40.7643971,-73.97371465
6840.02,40.76454,-73.87171
6842.02,40.763328,-73.908782
6847.02,40.7652654,-73.98192338
6847.05,40.764126,-73.980973
6848.04,40.76424,-73.8812
6850.01,40.764174520197685,-73.91583994030952
6854.05,40.76360467795863,-73.98917958140373
6855.02,40.76466,-73.88803
6857.09,40.7647,-73.9240312
6860.12,40.76471851944339,-73.96222069859505
6865.03,40.7659,-73.930819
6869.06,40.76521,-73.86483
6869.10,40.76399,-73.8669
6873.01,40.76535380385866,-73.93986314535141
6876.04,40.76590936,-73.97634151
6877.05,40.76619,-73.87561
6877.06,40.76447,-73.87369
6879.04,40.76408932350688,-73.91065120697021
6884.03,40.765959181657976,-73.98313522338867
6885.01,40.7654,-73.88256
6887.03,40.76547569244953,-73.91811579465866
6889.12,40.76663814,-73.95348296
6890.01,40.76669671,-73.99061728
6890.06,40.76473420006519,-73.99194359779358
6893.10,40.7658346,-73.9265474
6896.16,40.76712840349542,-73.96224617958069
6901.01,40.7668,-73.9347774
6904.06,40.766368,-73.971518
6905.02,40.76574,-73.87012
6907.03,40.765753,-73.90676
6912.01,40.7667405590595,-73.9790689945221
6912.01_Pillar,40.76674,-73.97907
6913.03,40.76589,-73.87789
6915.02,40.7656251,-73.9136695
6920.03,40.76584941,-73.98690506
6921.04,40.76646,-73.88674
6923.20,40.7675487799971,-73.9209334552288
6925.09,40.7687620293096,-73.95840793848038
6926.01,40.76727216,-73.99392888
6927.03,40.768442,-73.893531
6929.01,40.76663971723091,-73.9286595582962
6929.02,40.766824,-73.930486
6932.14,40.76780080148132,-73.96592080593109
6932.15,40.7691572,-73.96703464
6935.01,40.769219,-73.901001
6937.07,40.7671863,-73.9373554
6941.03,40.7683,-73.87331
6943.07,40.767666,-73.910963
6948.10,40.76695317,-73.98169333
6949.03,40.76768,-73.87899
6949.04,40.76769,-73.8791
6951.03,40.7671,-73.9169858
6953.08,40.7689738,-73.95482273
6955.01,40.768254,-73.988639
6955.05,40.768333,-73.992573
6958.06,40.768692,-73.9249574
6960.10,40.76873687,-73.96119945
6960.12,40.76879,-73.9614
6964.05,40.76817,-73.896293
6966.04,40.7682,-73.9322662
6969.08,40.76800889305947,-73.96845281124115
6970.02,40.76894,-73.86832
6978.04,40.7702,-73.87587
6981.16,40.7701477,-73.9120938
6989.07,40.7699176,-73.9184057
6991.12,40.77112927,-73.95772297
6994.06,40.768728,-73.890745
6996.01,40.7703743,-73.9286078
6998.08,40.77118287540658,-73.96409422159195
7003.06,40.7692475,-73.9354504
7009.02,40.7713937,-73.9077436
7009.06,40.769673,-73.906018
7014.12,40.77003010255044,-73.9819684624672
7018.01,40.7711528,-73.9170074
7020.02,40.77095553869235,-73.95356208096926
7020.09,40.77140426,-73.9535166
7023.04,40.770513,-73.988038
7023.09,40.77114812219016,-73.98699113854883
7026.08,40.7713615,-73.9246145
7028.04,40.7699426,-73.96060712
7032.02,40.77028,-73.893675
7032.06,40.772092,-73.895166
7034.09,40.77171710520828,-73.93159255385399
7039.03,40.771203,-73.903865
7047.07,40.77301508291382,-73.91119033098221
7049.04,40.7724607,-73.9468208
7052.01,40.77163851,-73.98261428
7057.07,40.7727966,-73.95577801
7059.01,40.77149671054441,-73.99046033620834
7059.08,40.77237,-73.99005
7060.02,40.770888,-73.889914
7062.07,40.772768286288304,-73.92743647098541
7066.01,40.772899,-73.896849
7068.07,40.7725996921817,-73.93266275525093
7074.01,40.772717,-73.906127
7079.06,40.7734066,-73.97782542
7082.08,40.77423301703027,-73.91274864321404
7082.14,40.77336750284339,-73.91382560133934
7084.12,40.7728384,-73.94989233
7092.06,40.77314236,-73.95856158
7098.05,40.7739825,-73.9309134
7100.07,40.77282817,-73.96685276
7111.10,40.774306,-73.908335
7113.05,40.77431811327392,-73.94548773765564
7113.08,40.77518615,-73.94446054
7116.04,40.77492513,-73.98266566
7119.04,40.7729,-73.916142
7121.02,40.77391390238118,-73.9543953537941
7121.13,40.77377781072322,-73.95197331905365
7123.04,40.77515953434235,-73.98918695747852
7126.01,40.774645,-73.923706
7128.08,40.773763,-73.96222088
7132.08,40.77485,-73.9342
7137.04,40.774798,-73.903787
7141.07,40.77579376683666,-73.9762057363987
7144.01,40.7747878,-73.9125551
7144.02,40.776168,-73.910485
7146.04,40.77536905,-73.94803392
7149.05,40.7746671,-73.98470567
7152.10,40.774591,-73.918544
7154.07,40.77573034,-73.9567526
7159.08,40.7767,-73.927631
7161.08,40.77632142182271,-73.96427392959595
7163.07,40.775415,-73.900063
7165.01,40.77684387,-73.93463418
7170.04,40.776745,-73.906558
7175.05,40.7770575,-73.97898475
7178.02,40.776165,-73.9153175
7180.02,40.77565541,-73.95068615
7183.03,40.777507027547976,-73.98888587951659
7186.15,40.7774552,-73.9225403
7188.10,40.77677702,-73.9590097
7188.13,40.7781314,-73.96069399
7196.04,40.777112,-73.902382
7202.07,40.77813,-73.90842
7204.08,40.7779453,-73.946041
7207.08,40.77748046,-73.98288594
7210.07,40.778557,-73.919046
7212.05,40.77801203,-73.95407149
7220.01,40.778089,-73.899558
7230.10,40.7785669,-73.97754961
7233.05,40.7787185,-73.9145645
7235.13,40.778301,-73.9488134
7243.04,40.77862688,-73.95772073
7253.04,40.77896784,-73.97374737
7256.01,40.78001336610564,-73.90667617321014
7260.09,40.77966809007312,-73.98093044757842
7265.10,40.7806284,-73.9521667
7271.01,40.77977,-73.923162
7281.09,40.7801839724239,-73.97728532552719
7284.01,40.780478,-73.912212
7286.01,40.78115276427915,-73.94963040947914
7286.02,40.782454175279874,-73.9489196240902
7286.05,40.7817212,-73.94594
7288.04,40.78057799010334,-73.98562431335449
7291.06,40.78145,-73.9183302
7293.10,40.781410700190015,-73.95595908164978
7304.08,40.78275,-73.97137
7311.02,40.7829391,-73.9786517
7311.07,40.78339981,-73.98093133
7314.03,40.782465,-73.914527
7323.09,40.78232260730881,-73.95987510681152
7327.01,40.78294,-73.93077
7338.02,40.7839636,-73.9471673
7340.06,40.78414472,-73.98362492
7340.07,40.783786,-73.981687
7342.01,40.783956,-73.916894
7344.01,40.78585105291389,-73.95482444378061
7344.05,40.7835016,-73.955327
7354.01,40.78476,-73.969862
7360.10,40.78524672,-73.97667321
7363.04,40.784003,-73.912297
7365.08,40.7859201,-73.94860294
7365.13,40.7849032,-73.950503
7372.10,40.7857851,-73.957481
7382.04,40.78499979,-73.97283406
7386.10,40.7862586,-73.94552579
7388.10,40.78720869,-73.98128127
7391.02,40.785994,-73.915098
7393.09,40.787801,-73.953559
7407.13,40.7869946,-73.94164802
7409.04,40.78621,-73.9756
7409.08,40.7867947,-73.977112
7414.17,40.7877214,-73.94728331
7432.04,40.79017948095081,-73.97288918495178
7432.09,40.7882213,-73.97041561
7436.11,40.7892105,-73.94370784
7443.01,40.78948541553215,-73.95242929458618
7443.17,40.78813,-73.95206
7450.05,40.7949879,-73.9333349
7453.01,40.78866499127883,-73.96680057048798
7456.03,40.7892529,-73.93956237
7458.03,40.78839,-73.9747
7463.09,40.7903051,-73.94755757
7482.15,40.790586067792006,-73.94195795059204
7484.05,40.789622,-73.97757
7488.24,40.7904828,-73.95033068
7502.01,40.7921,-73.9739
7504.18,40.791976,-73.945993
7504.19,40.79338,-73.94329
7511.19,40.7922553,-73.95249933
7514.01,40.79346,-73.92389
7520.07,40.7919557,-73.968087
7522.02,40.7923272,-73.9383
7524.09,40.7941654,-73.974124
7524.16,40.79313480986663,-73.97700369358063
7528.31,40.7934337,-73.94945003
7538.14,40.795,-73.9645
7538.18,40.79249519495111,-73.96417066463071
7540.02,40.7945663,-73.9362541
7541.01,40.7937704,-73.971888
7543.15,40.795508,-73.941606
7563.06,40.796879,-73.937261
7567.06,40.7954121,-73.9441232
7571.01,40.79558,-73.91906
7575.01,40.795098,-73.923734
7577.27,40.79558954105342,-73.96188408136368
7579.01,40.7974772,-73.9311847
7579.11,40.79656826080296,-73.93459528684616
7580.01,40.7973721,-73.97041192
7587.16,40.79752078124755,-73.9489397406578
7595.17,40.7969347,-73.9643412291
7596.10,40.79747,-73.93504
7599.02,40.7989445,-73.944846
7599.09,40.797911,-73.9423
7602.05,40.7987859,-73.9523
7606.01,40.7981856,-73.9605909006
7610.13,40.79904139288298,-73.96649479866028
7611.02,40.799139,-73.9389152
7613.04,40.800425,-73.911034
7617.07,40.799484,-73.955613
7618.01,40.80046,-73.92404
7619.05,40.7997568,-73.9621128676
7622.12,40.8006721,-73.9349
7623.13,40.8013434,-73.9711457439
7625.18,40.8005385,-73.9419949
7626.02,40.800933,-73.913863
7627.10,40.8011939,-73.9500739
7631.23,40.801694,-73.957145
7634.01,40.8008363,-73.9664492472
7636.05,40.8029263,-73.9379
7639.06,40.801657,-73.909513
7640.04,40.8014866,-73.9442507
7642.04,40.80262,-73.9174
7643.18,40.802535,-73.9532423
7646.04,40.802692,-73.96295
7648.16,40.802554,-73.933509
7650.05,40.8021174,-73.9681805305
7652.04,40.8013066,-73.9398167
7654.04,40.804168,-73.911545
7655.22,40.8025566,-73.9490782
7657.03,40.803399,-73.919763
7658.13,40.8038654,-73.9559308
7662.13,40.805726,-73.936322
7667.04,40.80295,-73.942954
7669.10,40.805559,-73.914718
7670.09,40.804372,-73.951475
7680.03,40.804213,-73.96699104
7682.01,40.8045555,-73.9396861
7685.14,40.804038,-73.945925
7687.05,40.805089,-73.918889
7688.12,40.805159,-73.954692
7691.05,40.805701,-73.925177
7692.11,40.8067581,-73.9607082
7696.07,40.805631,-73.934077
7701.21,40.80722,-73.9418
7703.14,40.806896,-73.911837
7704.04,40.8078316,-73.949373
7707.08,40.807408,-73.91924
7712.04,40.807466,-73.927107
7712.06,40.808484,-73.928803
7713.01,40.805973,-73.964928
7713.11,40.8082,-73.9641
7716.19,40.806414,-73.936085
7719.13,40.807347437082,-73.90809774398804
7720.03,40.808442,-73.9452087
7722.06,40.808633,-73.916124
7723.01,40.809725,-73.953149
7726.02,40.808384,-73.923604
7727.07,40.8086249,-73.9596214
7727.08,40.80863218,-73.9595861
7735.05,40.81014,-73.93973
7735.23,40.80756,-73.939182
7737.06,40.808891,-73.91081
7738.04,40.80949534777948,-73.94776493310928
7740.08,40.809619,-73.917875
7741.01,40.81,-73.9551508
7741.04,40.81028506306003,-73.95736455917358
7744.06,40.810893,-73.927311
7745.07,40.8109494,-73.9634
7748.02,40.810224,-73.937195
7751.05,40.811314,-73.907729
7753.13,40.8107922,-73.9430681
7755.03,40.811112,-73.914932
7756.10,40.8114323,-73.9518776
7759.08,40.81093,-73.921606
7767.06,40.812769,-73.901583
7769.06,40.812191,-73.937838
7774.02,40.812346,-73.946168
7777.02,40.811675,-73.917037
7781.10,40.812735,-73.923697
7783.18,40.8120562,-73.9612547
7788.13,40.811892,-73.904192
7790.04,40.81296,-73.941878
7793.02,40.814046,-73.91186
7795.09,40.8125511,-73.9492286
7798.02,40.812299,-73.92037
7800.03,40.813358,-73.956461
7803.02,40.81263616769319,-73.92924964427948
7803.08,40.813224,-73.930605
7807.04,40.815077,-73.899939
7809.13,40.81449,-73.936153
7812.01,40.813135,-73.909235
7814.01,40.813539,-73.94521
7816.14,40.814383,-73.915368
7818.17,40.814394437915816,-73.95324736833572
7820.05,40.813991,-73.8855
7821.01,40.814469,-73.924963
7823.03,40.8143256,-73.9590255
7830.03,40.814232,-73.903927
7832.04,40.813619,-73.939336
7835.10,40.815887,-73.911918
7837.30,40.816234,-73.948222
7840.05,40.816402,-73.919549
7840.11,40.814673,-73.91839
7842.16,40.816355,-73.954295
7844.05,40.816126,-73.891559
7845.06,40.816576,-73.927987
7849.10,40.816343,-73.896447
7851.04,40.815484,-73.935856
7853.01,40.816124,-73.908116
7855.03,40.81695971032464,-73.9422959089279
7858.02,40.817166,-73.914737
7860.08,40.818215,-73.950988
7863.03,40.81734,-73.922962
7865.09,40.817555,-73.957163
7867.04,40.818185,-73.894143
7868.05,40.817755,-73.92965
7870.02,40.81899,-73.90202
7872.03,40.817245,-73.938787
7876.07,40.81900581806558,-73.94476890563965
7879.01,40.816827,-73.917338
7881.09,40.818212,-73.955277
7883.06,40.816567,-73.888161
7883.09,40.81872569990116,-73.88862490653992
7884.04,40.818154,-73.925294
7886.02,40.818299,-73.960405
7888.10,40.819999,-73.897263
7891.06,40.817802,-73.905203
7893.05,40.819241,-73.941057
7896.11,40.819823,-73.912411
7898.03,40.818477,-73.947568
7901.04,40.820036,-73.921411
7903.02,40.8190344,-73.956156
7905.05,40.818743,-73.890247
7906.13,40.820089,-73.928947
7909.07,40.819701,-73.901311
7910.01,40.819783,-73.936521
7910.10,40.821111,-73.935971
7913.15,40.81989,-73.908351
7915.11,40.820681,-73.945144
7918.12,40.819609,-73.916071
7920.05,40.819746,-73.951819
7922.01,40.820578,-73.888271
7925.04,40.820003,-73.959089
7927.08,40.821075,-73.895069
7931.05,40.820302,-73.903944
7932.10,40.820877,-73.939249
7935.07,40.820713,-73.911759
7937.15,40.821294,-73.947868
7940.02,40.82057,-73.917579
7940.04,40.82123860172,-73.9173299074173
7942.07,40.82182,-73.95353
7942.21,40.823168,-73.955857
7944.11,40.821952,-73.888546
7945.03,40.82090903827738,-73.92753845245076
7945.07,40.822351,-73.926907
7948.10,40.821967,-73.896752
7952.02,40.82188,-73.907521
7954.12,40.823061,-73.941928
7957.11,40.822215,-73.914688
7959.18,40.822756,-73.951346
7962.01,40.823162,-73.923267
7966.02,40.82394,-73.894025
7967.04,40.822217,-73.928939
7970.05,40.822545,-73.901824
7971.07,40.82281,-73.937413
7974.01,40.823872,-73.908699
7976.08,40.823498,-73.94386
7979.17,40.824811,-73.916407
7981.16,40.824686,-73.951947
7981.27,40.824013,-73.954743
7983.02,40.82319448542357,-73.88762910982096
7983.04,40.825322,-73.887729
7984.04,40.823429,-73.924689
7987.14,40.82388366441761,-73.8974027708582
7991.01,40.824796,-73.90242
7992.04,40.825125,-73.941616
7995.04,40.824,-73.91089
7997.08,40.825244,-73.947257
8000.02,40.823732,-73.919379
8004.03,40.824956,-73.891677
8005.03,40.825737,-73.927311
8005.08,40.82441,-73.92818
8008.03,40.826303,-73.898751
8009.05,40.825289,-73.936232
8012.04,40.82696,-73.907451
8013.07,40.827212,-73.942722
8016.07,40.825716,-73.915585
8018.04,40.827305,-73.951989
8018.09,40.826969,-73.949738
8020.01,40.827629,-73.886659
8021.11,40.82713380423556,-73.9227358996868
8024.05,40.827184,-73.893721
8025.01,40.826677,-73.929327
8029.28,40.826406,-73.937948
8033.09,40.827075,-73.945909
8036.05,40.827230499624726,-73.91765579597632
8040.03,40.826706,-73.888719
8041.07,40.827883,-73.927111
8044.09,40.827301,-73.896372
8048.01,40.82895,-73.90521
8048.04,40.828199,-73.903719
8049.05,40.826881,-73.941427
8049.10,40.82831,-73.942924
8052.01,40.828975,-73.911259
8052.02,40.82809,-73.91288
8054.04,40.829114,-73.950426
8057.02,40.829608,-73.921461
8060.01,40.830051,-73.892103
8061.01,40.830179,-73.928747
8064.03,40.82995,-73.898802
8065.13,40.82923,-73.936996
8068.01,40.829896,-73.907618
8069.01,40.829523,-73.944279
8072.06,40.83130549267296,-73.91744792461395
8076.08,40.8301283948092,-73.88630211353302
8077.07,40.830262,-73.923391
8080.01,40.830529,-73.894717
8081.01,40.829797,-73.931015
8084.03,40.830471,-73.904556
8085.05,40.830663,-73.941323
8085.09,40.832314,-73.94102
8085.13,40.830476,-73.939929
8088.01,40.83094,-73.91125
8089.05,40.831327,-73.946665
8092.06,40.83196,-73.91956
8095.06,40.832171,-73.889686
8096.02,40.831444,-73.926226
8096.03,40.832057,-73.927421
8099.04,40.831762,-73.896853
8100.01,40.830702,-73.936371
8103.05,40.832678,-73.905158
8104.10,40.832081,-73.942386
8107.10,40.831584,-73.9149
8108.02,40.832164,-73.949702
8110.04,40.832649,-73.885272
8111.04,40.83173,-73.922394
8111.07,40.83406,-73.92243
8114.02,40.831998,-73.892686
8115.01,40.832812,-73.929372
8118.02,40.83171,-73.90208
8119.05,40.833303,-73.939326
8122.04,40.834015,-73.908863
8123.02,40.83299,-73.94592
8123.06,40.83402740143528,-73.94510813442648
8126.07,40.834263,-73.917641
8129.02,40.834124,-73.88955
8130.02,40.83263,-73.925101
8133.08,40.833246,-73.896599
8137.06,40.834857,-73.903743
8138.07,40.834468,-73.939865
8141.05,40.835122799036405,-73.91196817159653
8144.09,40.836274,-73.884308
8145.03,40.833909,-73.92112
8149.09,40.834457,-73.928381
8152.03,40.83545,-73.90153
8153.10,40.835798,-73.937496
8156.01,40.837213,-73.908345
8156.03,40.83617913677475,-73.90730146322765
8157.06,40.835775,-73.9434
8160.03,40.835334,-73.9154
8163.05,40.836733,-73.887931
8167.02,40.835302,-73.895133
8167.04,40.8358771,-73.8931428
8171.06,40.837119,-73.902185
8172.07,40.83618,-73.939789
8175.06,40.837576,-73.910489
8179.03,40.83649,-73.918316
8182.02,40.837037,-73.890413
8183.02,40.838706,-73.927034
8183.08,40.83670566862804,-73.92608866095543
8186.01,40.839229,-73.899047
8187.04,40.838191,-73.936085
8190.03,40.838379,-73.905838
8191.01,40.839137,-73.941409
8194.06,40.839549,-73.913004
8194.07,40.838315,-73.912604
8196.02,40.839335,-73.886445
8198.05,40.839312,-73.922423
8205.05,40.839586,-73.900277
8206.17,40.839443,-73.937044
8209.01,40.83899,-73.9109
8210.01,40.839278,-73.945446
8212.01,40.83998,-73.8806
8213.01,40.840484,-73.917946
8216.02,40.839194,-73.888587
8218.04,40.839142,-73.925961
8225.05,40.83999,-73.90549
8226.05,40.84004,-73.942939
8226.06,40.84089603193041,-73.93972098827362
8226.07,40.84210236102173,-73.9422395825386
8229.04,40.840494,-73.911479
8233.01,40.840536,-73.919228
8236.01,40.841092,-73.892317
8241.07,40.84224,-73.8985
8242.04,40.842173,-73.935111
8245.03,40.842675,-73.908544
8248.05,40.84096,-73.87923
8249.10,40.840683,-73.915073
8252.03,40.84188,-73.8855
8254.01,40.84207,-73.926075
8257.03,40.84234,-73.89409
8262.07,40.842941,-73.938631
8265.09,40.84301,-73.91172
8268.08,40.84335,-73.88247
8269.01,40.844075,-73.917256
8272.01,40.845,-73.88994
8272.08,40.84311,-73.89149
8277.03,40.843079,-73.900216
8278.05,40.844044,-73.933651
8281.06,40.843264,-73.904867
8284.01,40.84437,-73.87796
8285.09,40.844811,-73.912042
8285.11,40.845505,-73.914311
8290.01,40.843965,-73.920999
8293.12,40.84616,-73.89322
8299.03,40.846052,-73.937648
8303.06,40.84627592921954,-73.90931278467178
8306.03,40.84463,-73.87988
8307.05,40.84552,-73.91722
8315.03,40.84649,-73.89616
8316.02,40.847305,-73.933291
8319.01,40.846465,-73.903869
8320.01,40.84522,-73.940493
8323.05,40.84741,-73.911359
8325.08,40.84605,-73.88426
8325.12,40.84784,-73.883
8327.15,40.846011,-73.919637
8330.05,40.84666,-73.88991
8335.02,40.84731,-73.89981
8336.02,40.848467,-73.936064
8340.05,40.846879,-73.907342
8344.04,40.848177,-73.916082
8344.09,40.8496401,-73.9161206
8346.06,40.84696,-73.88663
8348.02,40.847746,-73.922079
8351.06,40.84749,-73.89464
8353.02,40.847396,-73.931205
8353.09,40.84925,-73.93022
8356.02,40.847798,-73.901883
8356.04,40.848793,-73.903178
8358.03,40.849972,-73.938423
8358.10,40.848282,-73.941343
8362.02,40.84833,-73.90971
8362.09,40.850121,-73.910765
8366.06,40.849629,-73.919205
8366.07,40.848354,-73.918389
8369.08,40.85079,-73.88945
8374.02,40.85014,-73.89818
8379.07,40.850885,-73.906469
8381.04,40.85168,-73.94186
8384.03,40.850036,-73.912785
8387.03,40.85157,-73.88475
8392.02,40.85025,-73.89301
8394.15,40.851113,-73.928808
8397.02,40.850535,-73.901318
8399.06,40.852252,-73.937854
8403.02,40.851747,-73.908964
8407.03,40.851788,-73.916418
8410.10,40.85089,-73.88793
8415.01,40.85198,-73.89438
8416.07,40.852538,-73.93441
8416.10,40.852253,-73.931308
8425.01,40.853686,-73.912498
8427.05,40.8535,-73.88177
8428.04,40.853827,-73.920765
8428.05,40.85304455868985,-73.91830623149872
8430.03,40.85307,-73.88953
8432.11,40.85318758861975,-73.92715752124786
8435.04,40.854123869116,-73.89932222664356
8441.01,40.85322,-73.90546
8441.05,40.853646,-73.908731
8447.07,40.85391,-73.8866
8451.07,40.85455,-73.89507
8453.14,40.854788,-73.929513
8456.02,40.8549,-73.90281
8458.03,40.855331,-73.937878
8462.09,40.85501,-73.910751
8465.01,40.854947,-73.916661
8467.03,40.85472,-73.89022
8469.05,40.85589030603889,-73.92708241939545
8472.06,40.856987,-73.898237
8472.08,40.85556,-73.89615
8474.02,40.85648733523576,-73.93296986818314
8478.11,40.855653,-73.905528
8483.02,40.855156,-73.91278
8485.01,40.8561,-73.88625
8489.06,40.85724,-73.8909
8491.07,40.85715781391904,-73.92717361450195
8494.01,40.85670801831255,-73.90265285968779
8494.06,40.8558,-73.89956
8496.01,40.856906,-73.935662
8500.01,40.856302,-73.907302
8502.04,40.8579,-73.88147
8505.08,40.85859,-73.88821
8507.02,40.85890447538412,-73.9230939745903
8510.02,40.858498,-73.89637
8511.08,40.857994,-73.932173
8514.05,40.858472,-73.90266
8520.01,40.85834,-73.91008
8526.03,40.85985,-73.89135
8528.05,40.86012,-73.928489
8532.03,40.859166,-73.933872
8535.01,40.85834,-73.90626
8535.09,40.8604787,-73.9057169936
8539.02,40.859532,-73.913303
8541.04,40.8601,-73.8866
8543.01,40.861281970750994,-73.921417593956
8546.06,40.861915,-73.894831
8547.04,40.862058,-73.929719
8550.01,40.860814,-73.902541
8550.04,40.86008,-73.90079
8555.05,40.8604244,-73.9093359997
8558.01,40.86149,-73.88103
8559.04,40.86169883507865,-73.91855701804161
8563.06,40.861382,-73.925591
8566.05,40.861669,-73.898589
8571.02,40.86288,-73.90316
8575.02,40.86156,-73.91219
8579.03,40.863211,-73.920827
8579.05,40.862562,-73.922661
8579.09,40.862638,-73.92006
8582.02,40.86389,-73.89246
8582.09,40.861748,-73.89105
8583.02,40.863124,-73.926994
8586.09,40.86294,-73.90108
8590.01,40.86295,-73.90741
8597.01,40.86557,-73.88807
8601.04,40.86448,-73.89522
8605.06,40.8649213,-73.9024238
8613.09,40.864632,-73.918598
8615.01,40.86648,-73.89042
8616.06,40.865364,-73.92791
8619.02,40.86659,-73.89794
8624.01,40.8660052,-73.904254892
8631.03,40.867,-73.8857764
8632.07,40.866141,-73.922648
8635.08,40.86767,-73.89286
8636.04,40.867357,-73.92936
8639.01,40.866899,-73.901942
8643.01,40.86571,-73.90857
8646.02,40.86814,-73.88145
8647.10,40.86709406268147,-73.9172950387001
8649.03,40.8684871,-73.8884559781
8650.11,40.867505,-73.926363
8653.09,40.86874,-73.89657
8655.02,40.868846,-73.931537
8664.06,40.86813,-73.88412
8665.02,40.86989866194045,-73.92076313495636
8665.09,40.86788,-73.919685
8667.01,40.86945,-73.89148
8672.05,40.8692,-73.90121
8676.01,40.87069,-73.90678
8679.03,40.86932465640094,-73.91519755125046
8682.06,40.87002,-73.88565
8692.04,40.87049,-73.90287
8696.05,40.871094,-73.911503
8699.01,40.8704956,-73.8818756582
8703.05,40.87142,-73.88839
8707.01,40.87156,-73.89714
8707.04,40.87119,-73.89918
8711.02,40.873265,-73.906646
8715.01,40.872412,-73.912807
8715.06,40.87139,-73.914318
8717.07,40.87207,-73.88459
8720.02,40.87144520687118,-73.89289632439613
8732.04,40.873054589370895,-73.91837194561958
8734.02,40.87307,-73.88971
8734.04,40.87382,-73.88661
8738.01,40.87387,-73.89533
8741.01,40.87449,-73.90467
8745.01,40.87471,-73.91099
8748.02,40.8740704,-73.8833650931
8752.01,40.87444,-73.89186
8756.03,40.87398,-73.89943
8756.07,40.87512,-73.90126
8766.03,40.875531,-73.8863864831
8772.06,40.87555,-73.90212
8776.02,40.87655,-73.90941
8778.01,40.87656,-73.88366
8782.01,40.87704,-73.88943
8786.01,40.87869,-73.89862
8795.01,40.87935,-73.88534
8795.03,40.877964,-73.8847550291
8799.01,40.87812,-73.89192
8802.05,40.87979,-73.90164
8806.01,40.87807,-73.90796
8811.01,40.8802945,-73.8860653648
8815.01,40.88111,-73.8965
8819.05,40.87995,-73.90536
8828.02,40.88224,-73.89136
8831.03,40.88066,-73.90076
8835.05,40.88227,-73.90809
8841.03,40.88226,-73.88702
8849.03,40.88185,-73.90291
8859.03,40.88435,-73.88781
8862.02,40.88417,-73.89793
8866.01,40.88324,-73.90587
8876.04,40.88492,-73.89084
8879.02,40.8863,-73.8997
8879.03,40.88524,-73.90077
8897.05,40.88602,-73.90232
HB101,40.73593758446329,-74.03030455112457
HB102,40.7360676564825,-74.02912706136703
HB103,40.73698221818716,-74.02778059244156
HB105,40.73736,-74.03097
HB201,40.75060414236896,-74.02402013540268
HB202,40.75296063046496,-74.02435272932053
HB203,40.75453,-74.02658
HB301,40.7422579775645,-74.03511106967926
HB302,40.7443978330956,-74.03450086712837
HB303,40.74542,-74.03332
HB304,40.74641264837719,-74.03797701001167
HB305,40.74790720968899,-74.03841152787209
HB401,40.73755127245804,-74.04166370630264
HB402,40.73879,-74.0393
HB404,40.74313993965626,-74.04004096984863
HB407,40.73981372311843,-74.03690412640572
HB408,40.740802,-74.042521
HB409,40.73743,-74.03571
HB501,40.74816121065146,-74.0324530005455
HB502,40.74998490907138,-74.02715027332306
HB503,40.74994325412246,-74.03586477041245
HB505,40.7518674823282,-74.03037697076797
HB506,40.75409,-74.0316
HB507,40.750915534784994,-74.03354063630104
HB601,40.74265933273143,-74.03223305940628
HB602,40.74313282710551,-74.02698867022991
HB603,40.74598388291562,-74.02819901704788
HB607,40.74097260864355,-74.02860336005688
HB608,40.73915272763701,-74.0330819785595
HB609,40.73721535335381,-74.02886540972803
HB610,40.751889392240685,-74.03329162748534
JC002,40.7141454,-74.0335519
JC003,40.7177325,-74.043845
JC006,40.7211236,-74.03805095
JC008,40.7287448,-74.0321082
JC009,40.727595966,-74.044247311
JC013,40.71458403535893,-74.04281705617905
JC014,40.71835519823214,-74.03891444206238
JC018,40.73496102000952,-74.0595030784607
JC019,40.7311689,-74.0575736
JC020,40.7236589,-74.0641943
JC022,40.7376037,-74.0524783
JC024,40.742677141,-74.051788633
JC027,40.72528910781132,-74.04557168483734
JC032,40.72152515,-74.046304543
JC034,40.734785818,-74.050443636
JC035,40.71848892,-74.047726625
JC038,40.7127742,-74.0364857
JC052,40.7112423,-74.0557013
JC055,40.7253399253558,-74.06762212514877
JC057,40.7443187,-74.0439909
JC059,40.74871594538023,-74.04044330120087
JC065,40.737711,-74.066921
JC066,40.7272235,-74.0337589
JC072,40.7124188237569,-74.03852552175522
JC074,40.72333158646436,-74.04595255851744
JC075,40.72568548362901,-74.04879033565521
JC077,40.71928220070702,-74.07126188278198
JC078,40.71346382669195,-74.06285852193832
JC080,40.74590996631558,-74.0572714805603
JC081,40.72601172964625,-74.05038893222809
JC082,40.72165072487999,-74.04288411140442
JC084,40.71435836870427,-74.06661093235016
JC093,40.72572613742557,-74.07195925712585
JC094,40.72755146730012,-74.07106071710587
JC095,40.722103786686034,-74.07145500183105
JC097,40.716615000830494,-74.0424120426178
JC098,40.7242941,-74.0354826
JC102,40.71517767732029,-74.03768330812454
JC103,40.73367,-74.0625
JC104,40.7192517,-74.034234
JC105,40.73520838045357,-74.04696375131607
JC107,40.70919832245443,-74.08084273338318
JC108,40.70657545063453,-74.0867006778717
JC109,40.73100888698729,-74.06443700194359
JC110,40.71539114317,-74.04969155788422
JC115,40.71941,-74.04309
JC116,40.71636596185077,-74.034343957901
Lab - NYC,40.75404038449624,-73.99646580219269
Lab - NYC - Monolith,40.7541804,-73.9964658
SYS016,40.70962789682351,-73.93145710229872
SYS028,40.66976709185003,-73.99474382400513
SYS032,40.69594342560201,-73.96778789156087
SYS033,40.728486861173785,-74.01169271324761
SYS038,40.709306335794274,-73.93117547035216
SYS039,40.7095,-73.9329
